project_id,period_month,month_index,topic_id,topic_name,parent_topic_id,workstream,labor_hours,exposure_hours,workers_supported,permits_issued,pre_task_plans,daily_huddles,jhas_completed,inspections_planned,inspections_completed,observations_recorded,findings_opened,findings_closed,actions_overdue,near_misses,first_aid_cases,recordable_cases,lost_time_cases,training_hours_delivered,training_completion_pct,compliance_score_pct,risk_index,closure_rate_pct,trir_value,dart_value
PJT-CON-001,2025-01,1,construction.activity_based_risk_controls.work_at_height,Work at Height,construction.activity_based_risk_controls,Activity-Based Risk Controls,657,624,17,7,19,14,12,33,33,142,17,12,4,2,0,0,0,14,88.2,94.3,97.9,70.6,0,0
PJT-CON-001,2025-01,1,construction.activity_based_risk_controls.confined_space,Confined Space,construction.activity_based_risk_controls,Activity-Based Risk Controls,267,254,7,8,14,6,10,34,33,145,17,15,3,1,0,0,0,8,89.4,94.3,100,88.2,0,0
PJT-CON-001,2025-01,1,construction.activity_based_risk_controls.electrical_safety,Electrical Safety,construction.activity_based_risk_controls,Activity-Based Risk Controls,509,484,13,5,15,10,10,16,16,68,11,8,4,2,0,0,0,13,86.9,92.5,95.2,72.7,0,0
PJT-CON-001,2025-01,1,construction.activity_based_risk_controls.lifting_and_rigging,Lifting & Rigging,construction.activity_based_risk_controls,Activity-Based Risk Controls,451,428,12,5,17,10,12,16,16,66,12,9,2,1,0,0,0,9,89.6,92.5,86.3,75,0,0
PJT-CON-001,2025-01,1,construction.activity_based_risk_controls.excavation_and_ground_disturbance,Excavation & Ground Disturbance,construction.activity_based_risk_controls,Activity-Based Risk Controls,449,427,12,7,16,10,10,32,32,134,15,11,4,1,0,0,0,9,88.7,94.8,87.1,73.3,0,0
PJT-CON-001,2025-01,1,construction.daily_and_short_term_planning.pre_task_plans,Pre-Task Plans,construction.daily_and_short_term_planning,Daily & Short-Term Planning,553,288,15,2,91,9,25,8,7,31,6,5,1,1,0,0,0,4,87.9,93.1,55.1,83.3,0,0
PJT-CON-001,2025-01,1,construction.daily_and_short_term_planning.daily_huddles,Daily Huddles,construction.daily_and_short_term_planning,Daily & Short-Term Planning,623,287,16,1,40,91,32,10,10,41,4,3,1,0,0,0,0,3,89.4,96.8,39.9,75,0,0
PJT-CON-001,2025-01,1,construction.daily_and_short_term_planning.job_hazard_analysis_jha,Job Hazard Analysis (JHA),construction.daily_and_short_term_planning,Daily & Short-Term Planning,520,291,14,3,28,8,59,7,6,24,3,2,1,0,0,0,0,6,85.7,94.9,55.4,66.7,0,0
PJT-CON-001,2025-01,1,construction.daily_and_short_term_planning.permit_to_work,Permit to Work,construction.daily_and_short_term_planning,Daily & Short-Term Planning,484,271,13,29,16,5,13,4,4,11,3,2,3,1,0,0,0,7,85.8,93.7,67.2,66.7,0,0
PJT-CON-001,2025-01,1,construction.inspection_and_compliance.weekly_safety_inspections,Weekly Safety Inspections,construction.inspection_and_compliance,Inspection & Compliance,274,99,9,0,1,1,0,8,7,37,8,7,1,1,0,0,0,3,88.9,89.5,67.2,87.5,0,0
PJT-CON-001,2025-01,1,construction.inspection_and_compliance.equipment_inspection_logs,Equipment Inspection Logs,construction.inspection_and_compliance,Inspection & Compliance,370,133,12,0,5,2,4,28,27,136,28,23,4,0,0,0,0,3,89.2,90.6,74.3,82.1,0,0
PJT-CON-001,2025-01,1,construction.inspection_and_compliance.scaffold_and_fall_protection_audits,Scaffold & Fall Protection Audits,construction.inspection_and_compliance,Inspection & Compliance,304,109,10,0,1,2,1,20,20,106,21,15,5,0,0,0,0,6,86.6,90.8,85.6,71.4,0,0
PJT-CON-001,2025-01,1,construction.inspection_and_compliance.environmental_monitoring_logs,Environmental Monitoring Logs,construction.inspection_and_compliance,Inspection & Compliance,251,90,8,0,1,1,1,11,11,56,12,10,1,0,0,0,0,3,89.3,89.6,60.8,83.3,0,0
PJT-CON-001,2025-01,1,construction.incident_and_near_miss_management.incident_reports,Incident Reports,construction.incident_and_near_miss_management,Incident & Near-Miss Management,182,40,6,0,0,1,0,1,1,2,1,1,1,0,0,0,0,2,89.7,89.3,61.2,100,0,0
PJT-CON-001,2025-01,1,construction.incident_and_near_miss_management.root_cause_analysis,Root Cause Analysis,construction.incident_and_near_miss_management,Incident & Near-Miss Management,126,28,4,0,0,0,0,1,1,2,1,1,1,0,0,0,0,2,85.8,90.3,58.7,100,0,0
PJT-CON-001,2025-01,1,construction.incident_and_near_miss_management.corrective_action_plans,Corrective Action Plans,construction.incident_and_near_miss_management,Incident & Near-Miss Management,242,53,8,0,1,1,1,5,5,12,5,4,2,0,0,0,0,3,90.1,88.6,62.4,80,0,0
PJT-CON-001,2025-01,1,construction.incident_and_near_miss_management.lessons_learned_repository,Lessons Learned Repository,construction.incident_and_near_miss_management,Incident & Near-Miss Management,112,25,4,0,0,0,0,1,1,2,1,1,2,0,0,0,0,1,86.6,86.9,47.7,100,0,0
PJT-CON-001,2025-01,1,construction.live_performance_metrics.trir_dart_tracking,TRIR / DART Tracking,construction.live_performance_metrics,Live Performance Metrics,32400,25272,202,0,0,0,0,1,1,2,2,1,1,0,0,0,0,57,89.6,95.9,42.6,50,0,0
PJT-CON-001,2025-01,1,construction.live_performance_metrics.open_vs_closed_findings,Open vs Closed Findings,construction.live_performance_metrics,Live Performance Metrics,142,17,4,0,0,0,0,3,3,5,4,3,1,0,0,0,0,1,86.1,92.3,51.3,75,0,0
PJT-CON-001,2025-01,1,construction.live_performance_metrics.near_miss_trends,Near Miss Trends,construction.live_performance_metrics,Live Performance Metrics,124,15,4,0,0,0,0,1,1,2,2,2,2,3,0,0,0,1,87.6,93.3,57.2,100,0,0
PJT-CON-001,2025-01,1,construction.live_performance_metrics.leading_indicator_dashboard,Leading Indicator Dashboard,construction.live_performance_metrics,Live Performance Metrics,90,11,3,0,0,0,0,1,1,3,0,0,1,1,0,0,0,1,86.6,94.3,48.4,100,0,0
PJT-CON-001,2025-02,2,construction.activity_based_risk_controls.work_at_height,Work at Height,construction.activity_based_risk_controls,Activity-Based Risk Controls,744,707,20,7,19,16,12,33,33,142,22,19,4,1,0,0,0,17,88.6,92.6,100,86.4,0,0
PJT-CON-001,2025-02,2,construction.activity_based_risk_controls.confined_space,Confined Space,construction.activity_based_risk_controls,Activity-Based Risk Controls,293,278,8,8,14,6,10,34,33,145,9,8,1,0,0,0,0,9,89.9,97.1,89.9,88.9,0,0
PJT-CON-001,2025-02,2,construction.activity_based_risk_controls.electrical_safety,Electrical Safety,construction.activity_based_risk_controls,Activity-Based Risk Controls,543,516,14,6,17,11,11,16,15,64,9,7,1,1,0,0,0,14,87.9,94,89.4,77.8,0,0
PJT-CON-001,2025-02,2,construction.activity_based_risk_controls.lifting_and_rigging,Lifting & Rigging,construction.activity_based_risk_controls,Activity-Based Risk Controls,463,440,12,5,17,10,12,16,15,62,7,6,2,1,0,0,0,9,88.2,94.6,79.6,85.7,0,0
PJT-CON-001,2025-02,2,construction.activity_based_risk_controls.excavation_and_ground_disturbance,Excavation & Ground Disturbance,construction.activity_based_risk_controls,Activity-Based Risk Controls,492,467,13,8,16,10,11,32,32,134,20,15,5,0,0,0,0,10,90.5,93,91.3,75,0,0
PJT-CON-001,2025-02,2,construction.daily_and_short_term_planning.pre_task_plans,Pre-Task Plans,construction.daily_and_short_term_planning,Daily & Short-Term Planning,627,326,16,2,104,11,29,9,8,36,3,3,1,1,0,0,0,4,88.6,96.1,48.9,100,0,0
PJT-CON-001,2025-02,2,construction.daily_and_short_term_planning.daily_huddles,Daily Huddles,construction.daily_and_short_term_planning,Daily & Short-Term Planning,673,310,18,1,41,93,32,10,10,42,3,2,2,0,0,0,0,3,87.5,96.5,39.1,66.7,0,0
PJT-CON-001,2025-02,2,construction.daily_and_short_term_planning.job_hazard_analysis_jha,Job Hazard Analysis (JHA),construction.daily_and_short_term_planning,Daily & Short-Term Planning,567,318,15,3,30,9,65,7,6,26,3,2,2,1,0,0,0,6,87.8,95.6,56.7,66.7,0,0
PJT-CON-001,2025-02,2,construction.daily_and_short_term_planning.permit_to_work,Permit to Work,construction.daily_and_short_term_planning,Daily & Short-Term Planning,526,295,14,34,19,5,15,4,4,12,1,1,1,1,0,0,0,8,89.3,93.4,66,100,0,0
PJT-CON-001,2025-02,2,construction.inspection_and_compliance.weekly_safety_inspections,Weekly Safety Inspections,construction.inspection_and_compliance,Inspection & Compliance,314,113,10,0,1,2,0,8,7,37,8,6,2,0,0,0,0,4,88.4,89.8,64.6,75,0,0
PJT-CON-001,2025-02,2,construction.inspection_and_compliance.equipment_inspection_logs,Equipment Inspection Logs,construction.inspection_and_compliance,Inspection & Compliance,405,146,13,0,5,2,4,28,28,141,27,21,6,0,0,0,0,4,90.5,91,72.9,77.8,0,0
PJT-CON-001,2025-02,2,construction.inspection_and_compliance.scaffold_and_fall_protection_audits,Scaffold & Fall Protection Audits,construction.inspection_and_compliance,Inspection & Compliance,330,119,10,0,1,2,1,20,19,101,20,15,4,0,0,0,0,6,88.9,90.9,84.7,75,0,0
PJT-CON-001,2025-02,2,construction.inspection_and_compliance.environmental_monitoring_logs,Environmental Monitoring Logs,construction.inspection_and_compliance,Inspection & Compliance,279,100,9,0,1,1,1,11,10,51,13,11,2,1,0,0,0,3,90,88.6,65.1,84.6,0,0
PJT-CON-001,2025-02,2,construction.incident_and_near_miss_management.incident_reports,Incident Reports,construction.incident_and_near_miss_management,Incident & Near-Miss Management,199,44,6,0,0,1,0,1,1,2,0,0,0,0,0,0,0,2,88.6,90.5,58.9,100,0,0
PJT-CON-001,2025-02,2,construction.incident_and_near_miss_management.root_cause_analysis,Root Cause Analysis,construction.incident_and_near_miss_management,Incident & Near-Miss Management,137,30,4,0,0,0,0,1,1,2,1,1,1,0,0,0,0,2,89.3,89.4,59.9,100,0,0
PJT-CON-001,2025-02,2,construction.incident_and_near_miss_management.corrective_action_plans,Corrective Action Plans,construction.incident_and_near_miss_management,Incident & Near-Miss Management,254,56,8,0,1,1,1,5,4,10,5,5,1,0,0,0,0,3,90.5,91.5,58.6,100,0,0
PJT-CON-001,2025-02,2,construction.incident_and_near_miss_management.lessons_learned_repository,Lessons Learned Repository,construction.incident_and_near_miss_management,Incident & Near-Miss Management,116,26,4,0,0,0,0,1,1,2,2,2,0,0,0,0,0,1,88.3,86.3,49.3,100,0,0
PJT-CON-001,2025-02,2,construction.live_performance_metrics.trir_dart_tracking,TRIR / DART Tracking,construction.live_performance_metrics,Live Performance Metrics,35100,27378,219,0,0,0,0,1,1,2,2,2,1,1,0,0,0,61,88.1,95.9,44.8,100,0,0
PJT-CON-001,2025-02,2,construction.live_performance_metrics.open_vs_closed_findings,Open vs Closed Findings,construction.live_performance_metrics,Live Performance Metrics,157,19,5,0,0,0,0,3,3,5,4,3,1,1,0,0,0,1,90.7,93.2,52.3,75,0,0
PJT-CON-001,2025-02,2,construction.live_performance_metrics.near_miss_trends,Near Miss Trends,construction.live_performance_metrics,Live Performance Metrics,139,17,4,0,0,0,0,1,1,2,1,1,0,3,0,0,0,1,88.6,91.6,58.6,100,0,0
PJT-CON-001,2025-02,2,construction.live_performance_metrics.leading_indicator_dashboard,Leading Indicator Dashboard,construction.live_performance_metrics,Live Performance Metrics,91,11,3,0,0,0,0,1,1,3,1,1,0,0,0,0,0,1,90.9,95.2,45.9,100,0,0
PJT-CON-001,2025-03,3,construction.activity_based_risk_controls.work_at_height,Work at Height,construction.activity_based_risk_controls,Activity-Based Risk Controls,804,764,21,8,21,17,14,33,32,138,21,19,3,2,0,0,0,18,88.8,93,100,90.5,0,0
PJT-CON-001,2025-03,3,construction.activity_based_risk_controls.confined_space,Confined Space,construction.activity_based_risk_controls,Activity-Based Risk Controls,341,324,9,8,16,7,11,34,33,145,10,8,1,1,0,0,0,10,88,96.7,92.9,80,0,0
PJT-CON-001,2025-03,3,construction.activity_based_risk_controls.electrical_safety,Electrical Safety,construction.activity_based_risk_controls,Activity-Based Risk Controls,592,562,16,6,17,13,11,16,15,64,4,3,3,0,0,0,0,16,90.7,96.6,80.6,75,0,0
PJT-CON-001,2025-03,3,construction.activity_based_risk_controls.lifting_and_rigging,Lifting & Rigging,construction.activity_based_risk_controls,Activity-Based Risk Controls,527,501,14,6,20,11,13,16,15,62,10,8,1,0,0,0,0,11,87.5,93.3,81.5,80,0,0
PJT-CON-001,2025-03,3,construction.activity_based_risk_controls.excavation_and_ground_disturbance,Excavation & Ground Disturbance,construction.activity_based_risk_controls,Activity-Based Risk Controls,556,528,15,8,17,12,12,32,31,130,13,11,2,1,0,0,0,12,91,95.4,84.8,84.6,0,0
PJT-CON-001,2025-03,3,construction.daily_and_short_term_planning.pre_task_plans,Pre-Task Plans,construction.daily_and_short_term_planning,Daily & Short-Term Planning,652,339,17,3,111,11,31,9,8,37,6,5,1,1,0,0,0,5,88.1,94,53.9,83.3,0,0
PJT-CON-001,2025-03,3,construction.daily_and_short_term_planning.daily_huddles,Daily Huddles,construction.daily_and_short_term_planning,Daily & Short-Term Planning,764,351,20,1,46,105,37,11,10,46,4,4,1,0,0,0,0,3,89.3,95.5,40.5,100,0,0
PJT-CON-001,2025-03,3,construction.daily_and_short_term_planning.job_hazard_analysis_jha,Job Hazard Analysis (JHA),construction.daily_and_short_term_planning,Daily & Short-Term Planning,645,361,17,4,34,10,73,8,7,29,3,2,2,1,0,0,0,7,88.5,95.9,56.3,66.7,0,0
PJT-CON-001,2025-03,3,construction.daily_and_short_term_planning.permit_to_work,Permit to Work,construction.daily_and_short_term_planning,Daily & Short-Term Planning,570,319,15,35,20,6,15,5,4,12,2,2,0,0,0,0,0,8,90.6,93.8,64.1,100,0,0
PJT-CON-001,2025-03,3,construction.inspection_and_compliance.weekly_safety_inspections,Weekly Safety Inspections,construction.inspection_and_compliance,Inspection & Compliance,324,117,10,0,1,2,1,8,8,42,7,6,2,1,0,0,0,4,91.5,91.3,64,85.7,0,0
PJT-CON-001,2025-03,3,construction.inspection_and_compliance.equipment_inspection_logs,Equipment Inspection Logs,construction.inspection_and_compliance,Inspection & Compliance,456,164,14,0,6,2,4,28,27,136,22,18,4,0,0,0,0,4,90.2,92,67.6,81.8,0,0
PJT-CON-001,2025-03,3,construction.inspection_and_compliance.scaffold_and_fall_protection_audits,Scaffold & Fall Protection Audits,construction.inspection_and_compliance,Inspection & Compliance,332,120,10,0,1,2,1,20,20,106,17,14,2,1,0,0,0,6,89.2,92.2,82.8,82.4,0,0
PJT-CON-001,2025-03,3,construction.inspection_and_compliance.environmental_monitoring_logs,Environmental Monitoring Logs,construction.inspection_and_compliance,Inspection & Compliance,304,109,10,0,2,2,1,11,10,51,10,9,1,0,0,0,0,4,89.9,91.2,57.1,90,0,0
PJT-CON-001,2025-03,3,construction.incident_and_near_miss_management.incident_reports,Incident Reports,construction.incident_and_near_miss_management,Incident & Near-Miss Management,214,47,7,0,0,1,0,1,1,2,1,1,2,0,1,0,0,2,89.2,89.4,61.1,100,0,0
PJT-CON-001,2025-03,3,construction.incident_and_near_miss_management.root_cause_analysis,Root Cause Analysis,construction.incident_and_near_miss_management,Incident & Near-Miss Management,144,32,4,0,0,0,0,1,1,2,0,0,2,0,0,0,0,2,91.7,88.4,60.4,100,0,0
PJT-CON-001,2025-03,3,construction.incident_and_near_miss_management.corrective_action_plans,Corrective Action Plans,construction.incident_and_near_miss_management,Incident & Near-Miss Management,264,58,8,0,1,1,1,6,6,14,6,6,1,0,0,0,0,3,91,89.3,62.3,100,0,0
PJT-CON-001,2025-03,3,construction.incident_and_near_miss_management.lessons_learned_repository,Lessons Learned Repository,construction.incident_and_near_miss_management,Incident & Near-Miss Management,124,27,4,0,0,0,0,1,1,2,1,1,1,0,0,0,0,1,88.4,86.4,48.3,100,0,0
PJT-CON-001,2025-03,3,construction.live_performance_metrics.trir_dart_tracking,TRIR / DART Tracking,construction.live_performance_metrics,Live Performance Metrics,38250,29835,239,0,0,0,0,1,1,2,0,0,2,1,0,0,0,67,89.6,97.3,43.1,100,0,0
PJT-CON-001,2025-03,3,construction.live_performance_metrics.open_vs_closed_findings,Open vs Closed Findings,construction.live_performance_metrics,Live Performance Metrics,162,19,5,0,0,0,0,3,3,5,5,4,3,0,0,0,0,1,88,92.6,51.7,80,0,0
PJT-CON-001,2025-03,3,construction.live_performance_metrics.near_miss_trends,Near Miss Trends,construction.live_performance_metrics,Live Performance Metrics,149,18,5,0,0,0,0,1,1,2,1,1,2,3,0,0,0,2,88.9,91.2,59.1,100,0,0
PJT-CON-001,2025-03,3,construction.live_performance_metrics.leading_indicator_dashboard,Leading Indicator Dashboard,construction.live_performance_metrics,Live Performance Metrics,101,12,3,0,0,0,0,1,1,3,1,1,2,1,0,0,0,1,91.7,95,48.3,100,0,0
PJT-CON-001,2025-04,4,construction.activity_based_risk_controls.work_at_height,Work at Height,construction.activity_based_risk_controls,Activity-Based Risk Controls,893,848,24,8,23,19,15,33,33,142,17,15,2,2,0,0,0,14,91.4,94.2,98,88.2,0,0
PJT-CON-001,2025-04,4,construction.activity_based_risk_controls.confined_space,Confined Space,construction.activity_based_risk_controls,Activity-Based Risk Controls,353,335,9,9,17,7,11,34,34,150,10,9,2,1,0,0,0,7,92.4,96.6,92.9,90,0,0
PJT-CON-001,2025-04,4,construction.activity_based_risk_controls.electrical_safety,Electrical Safety,construction.activity_based_risk_controls,Activity-Based Risk Controls,668,635,18,6,19,14,13,16,16,68,7,6,1,2,0,0,0,13,92.3,96.2,87.4,85.7,0,0
PJT-CON-001,2025-04,4,construction.activity_based_risk_controls.lifting_and_rigging,Lifting & Rigging,construction.activity_based_risk_controls,Activity-Based Risk Controls,556,528,15,7,22,12,15,16,15,62,9,8,3,1,0,0,0,8,89.7,93.2,83,88.9,0,0
PJT-CON-001,2025-04,4,construction.activity_based_risk_controls.excavation_and_ground_disturbance,Excavation & Ground Disturbance,construction.activity_based_risk_controls,Activity-Based Risk Controls,603,573,16,9,20,13,13,32,32,134,16,13,3,2,0,0,0,9,89.5,94.5,90.5,81.2,0,0
PJT-CON-001,2025-04,4,construction.daily_and_short_term_planning.pre_task_plans,Pre-Task Plans,construction.daily_and_short_term_planning,Daily & Short-Term Planning,716,372,19,3,120,12,34,10,10,42,3,3,0,0,0,0,0,4,91.6,96.9,46.7,100,0,0
PJT-CON-001,2025-04,4,construction.daily_and_short_term_planning.daily_huddles,Daily Huddles,construction.daily_and_short_term_planning,Daily & Short-Term Planning,823,379,22,1,53,121,42,13,13,54,4,3,1,0,0,0,0,3,91.8,97.3,39.9,75,0,0
PJT-CON-001,2025-04,4,construction.daily_and_short_term_planning.job_hazard_analysis_jha,Job Hazard Analysis (JHA),construction.daily_and_short_term_planning,Daily & Short-Term Planning,691,387,18,4,39,11,84,9,9,35,3,2,3,1,0,0,0,5,91.8,95.9,56.3,66.7,0,0
PJT-CON-001,2025-04,4,construction.daily_and_short_term_planning.permit_to_work,Permit to Work,construction.daily_and_short_term_planning,Daily & Short-Term Planning,598,335,16,40,22,6,18,5,5,14,2,2,2,0,0,0,0,6,91.6,95,62.5,100,0,0
PJT-CON-001,2025-04,4,construction.inspection_and_compliance.weekly_safety_inspections,Weekly Safety Inspections,construction.inspection_and_compliance,Inspection & Compliance,351,126,11,0,1,2,1,8,8,42,8,6,3,0,0,0,0,3,88.8,90.5,63.7,75,0,0
PJT-CON-001,2025-04,4,construction.inspection_and_compliance.equipment_inspection_logs,Equipment Inspection Logs,construction.inspection_and_compliance,Inspection & Compliance,461,166,14,0,6,2,5,28,27,136,20,16,4,0,0,0,0,3,89.2,93.4,64.2,80,0,0
PJT-CON-001,2025-04,4,construction.inspection_and_compliance.scaffold_and_fall_protection_audits,Scaffold & Fall Protection Audits,construction.inspection_and_compliance,Inspection & Compliance,394,142,12,0,1,2,1,20,20,106,19,15,3,0,0,0,0,5,92.5,91.6,82.9,78.9,0,0
PJT-CON-001,2025-04,4,construction.inspection_and_compliance.environmental_monitoring_logs,Environmental Monitoring Logs,construction.inspection_and_compliance,Inspection & Compliance,313,113,10,0,2,2,1,11,10,51,10,9,1,0,0,0,0,2,90.2,91.7,56.5,90,0,0
PJT-CON-001,2025-04,4,construction.incident_and_near_miss_management.incident_reports,Incident Reports,construction.incident_and_near_miss_management,Incident & Near-Miss Management,232,51,7,0,0,1,0,1,1,2,0,0,0,0,1,0,0,2,92.4,90.6,58.7,100,0,0
PJT-CON-001,2025-04,4,construction.incident_and_near_miss_management.root_cause_analysis,Root Cause Analysis,construction.incident_and_near_miss_management,Incident & Near-Miss Management,158,35,5,0,0,0,0,1,0,0,1,1,2,0,0,0,0,2,91.8,90.3,58.7,100,0,0
PJT-CON-001,2025-04,4,construction.incident_and_near_miss_management.corrective_action_plans,Corrective Action Plans,construction.incident_and_near_miss_management,Incident & Near-Miss Management,304,67,10,0,1,1,1,6,5,12,6,6,1,0,0,0,0,3,91.7,90.3,61,100,0,0
PJT-CON-001,2025-04,4,construction.incident_and_near_miss_management.lessons_learned_repository,Lessons Learned Repository,construction.incident_and_near_miss_management,Incident & Near-Miss Management,136,30,4,0,0,0,0,1,0,0,1,1,0,0,0,0,0,1,91,88,46.3,100,0,0
PJT-CON-001,2025-04,4,construction.live_performance_metrics.trir_dart_tracking,TRIR / DART Tracking,construction.live_performance_metrics,Live Performance Metrics,41850,32643,262,0,0,0,0,1,1,2,1,1,0,0,0,0,0,52,91.8,95,43,100,0,0
PJT-CON-001,2025-04,4,construction.live_performance_metrics.open_vs_closed_findings,Open vs Closed Findings,construction.live_performance_metrics,Live Performance Metrics,184,22,6,0,0,0,0,4,4,7,5,4,2,0,0,0,0,1,91.3,95.2,48.3,80,0,0
PJT-CON-001,2025-04,4,construction.live_performance_metrics.near_miss_trends,Near Miss Trends,construction.live_performance_metrics,Live Performance Metrics,166,20,5,0,0,0,0,1,1,2,1,1,1,3,0,0,0,1,90.1,91.6,58.6,100,0,0
PJT-CON-001,2025-04,4,construction.live_performance_metrics.leading_indicator_dashboard,Leading Indicator Dashboard,construction.live_performance_metrics,Live Performance Metrics,116,14,4,0,0,0,0,1,1,3,0,0,1,1,0,0,0,1,91.9,93.6,49.3,100,0,0
PJT-CON-001,2025-05,5,construction.activity_based_risk_controls.work_at_height,Work at Height,construction.activity_based_risk_controls,Activity-Based Risk Controls,917,871,24,9,26,19,17,33,32,138,11,9,2,2,0,0,0,14,91.3,96.1,90.8,81.8,0,0
PJT-CON-001,2025-05,5,construction.activity_based_risk_controls.confined_space,Confined Space,construction.activity_based_risk_controls,Activity-Based Risk Controls,380,361,10,10,19,8,12,34,33,145,14,13,1,1,0,0,0,8,93.4,95.6,96.6,92.9,0,0
PJT-CON-001,2025-05,5,construction.activity_based_risk_controls.electrical_safety,Electrical Safety,construction.activity_based_risk_controls,Activity-Based Risk Controls,713,677,19,8,22,15,15,16,15,64,7,6,1,1,0,0,0,13,90.8,95,86.5,85.7,0,0
PJT-CON-001,2025-05,5,construction.activity_based_risk_controls.lifting_and_rigging,Lifting & Rigging,construction.activity_based_risk_controls,Activity-Based Risk Controls,605,575,16,7,22,13,15,16,15,62,7,6,3,1,0,0,0,9,92.7,95.4,78.6,85.7,0,0
PJT-CON-001,2025-05,5,construction.activity_based_risk_controls.excavation_and_ground_disturbance,Excavation & Ground Disturbance,construction.activity_based_risk_controls,Activity-Based Risk Controls,660,627,17,10,21,14,14,32,32,134,14,13,2,0,0,0,0,9,93.2,95.1,83.8,92.9,0,0
PJT-CON-001,2025-05,5,construction.daily_and_short_term_planning.pre_task_plans,Pre-Task Plans,construction.daily_and_short_term_planning,Daily & Short-Term Planning,756,393,20,3,128,13,36,11,10,44,6,5,1,1,0,0,0,4,89.7,94.2,53.7,83.3,0,0
PJT-CON-001,2025-05,5,construction.daily_and_short_term_planning.daily_huddles,Daily Huddles,construction.daily_and_short_term_planning,Daily & Short-Term Planning,934,430,25,1,56,126,44,13,13,56,4,3,2,1,0,0,0,3,92.8,98,42.1,75,0,0
PJT-CON-001,2025-05,5,construction.daily_and_short_term_planning.job_hazard_analysis_jha,Job Hazard Analysis (JHA),construction.daily_and_short_term_planning,Daily & Short-Term Planning,723,405,19,4,41,12,88,10,9,36,5,4,1,1,0,0,0,6,90.2,94.5,59.7,80,0,0
PJT-CON-001,2025-05,5,construction.daily_and_short_term_planning.permit_to_work,Permit to Work,construction.daily_and_short_term_planning,Daily & Short-Term Planning,688,385,18,40,23,6,18,5,5,14,2,2,1,1,0,0,0,7,90.7,97,63.4,100,0,0
PJT-CON-001,2025-05,5,construction.inspection_and_compliance.weekly_safety_inspections,Weekly Safety Inspections,construction.inspection_and_compliance,Inspection & Compliance,374,135,12,0,1,2,1,8,7,37,6,5,1,0,0,0,0,3,93.4,92.6,59.3,83.3,0,0
PJT-CON-001,2025-05,5,construction.inspection_and_compliance.equipment_inspection_logs,Equipment Inspection Logs,construction.inspection_and_compliance,Inspection & Compliance,493,177,15,0,7,2,5,28,27,136,18,16,3,0,0,0,0,3,89.4,93.5,62.5,88.9,0,0
PJT-CON-001,2025-05,5,construction.inspection_and_compliance.scaffold_and_fall_protection_audits,Scaffold & Fall Protection Audits,construction.inspection_and_compliance,Inspection & Compliance,398,143,12,0,1,2,1,20,20,106,14,11,4,1,0,0,0,5,89.4,94.2,77.8,78.6,0,0
PJT-CON-001,2025-05,5,construction.inspection_and_compliance.environmental_monitoring_logs,Environmental Monitoring Logs,construction.inspection_and_compliance,Inspection & Compliance,341,123,11,0,2,2,1,11,10,51,9,8,2,0,0,0,0,3,90.7,92.8,54.2,88.9,0,0
PJT-CON-001,2025-05,5,construction.incident_and_near_miss_management.incident_reports,Incident Reports,construction.incident_and_near_miss_management,Incident & Near-Miss Management,260,57,8,0,0,1,0,1,1,2,2,2,2,0,1,0,0,2,89.9,90,61.1,100,0,0
PJT-CON-001,2025-05,5,construction.incident_and_near_miss_management.root_cause_analysis,Root Cause Analysis,construction.incident_and_near_miss_management,Incident & Near-Miss Management,167,37,5,0,0,0,0,1,1,2,2,2,1,0,0,0,0,2,90.3,90.1,59.8,100,0,0
PJT-CON-001,2025-05,5,construction.incident_and_near_miss_management.corrective_action_plans,Corrective Action Plans,construction.incident_and_near_miss_management,Incident & Near-Miss Management,320,70,10,0,1,1,1,7,7,17,7,7,0,0,0,0,0,3,92.8,91.3,60.5,100,0,0
PJT-CON-001,2025-05,5,construction.incident_and_near_miss_management.lessons_learned_repository,Lessons Learned Repository,construction.incident_and_near_miss_management,Incident & Near-Miss Management,153,34,5,0,0,0,0,1,1,2,0,0,1,0,0,0,0,1,93.3,89.7,43.2,100,0,0
PJT-CON-001,2025-05,5,construction.live_performance_metrics.trir_dart_tracking,TRIR / DART Tracking,construction.live_performance_metrics,Live Performance Metrics,45000,35100,281,0,0,0,0,1,1,2,1,1,2,0,0,0,0,56,92.5,97.5,41.7,100,0,0
PJT-CON-001,2025-05,5,construction.live_performance_metrics.open_vs_closed_findings,Open vs Closed Findings,construction.live_performance_metrics,Live Performance Metrics,192,23,6,0,0,0,0,4,4,7,5,4,1,0,0,0,0,1,90.8,95.7,47.6,80,0,0
PJT-CON-001,2025-05,5,construction.live_performance_metrics.near_miss_trends,Near Miss Trends,construction.live_performance_metrics,Live Performance Metrics,168,20,5,0,0,0,0,1,1,2,1,1,1,4,0,0,0,1,90.4,91.8,60.5,100,0,0
PJT-CON-001,2025-05,5,construction.live_performance_metrics.leading_indicator_dashboard,Leading Indicator Dashboard,construction.live_performance_metrics,Live Performance Metrics,124,15,4,0,0,0,0,1,1,3,0,0,0,0,0,0,0,1,89.6,94.6,45.8,100,0,0
PJT-CON-001,2025-06,6,construction.activity_based_risk_controls.work_at_height,Work at Height,construction.activity_based_risk_controls,Activity-Based Risk Controls,1039,987,27,10,29,22,19,33,32,138,15,13,2,2,0,0,0,16,91.2,94.6,95.9,86.7,0,0
PJT-CON-001,2025-06,6,construction.activity_based_risk_controls.confined_space,Confined Space,construction.activity_based_risk_controls,Activity-Based Risk Controls,400,380,11,11,21,9,14,34,34,150,15,13,1,1,0,0,0,9,93.5,95.5,97.6,86.7,0,0
PJT-CON-001,2025-06,6,construction.activity_based_risk_controls.electrical_safety,Electrical Safety,construction.activity_based_risk_controls,Activity-Based Risk Controls,775,736,20,8,23,16,15,16,16,68,4,4,0,2,0,0,0,14,93,97.3,85,100,0,0
PJT-CON-001,2025-06,6,construction.activity_based_risk_controls.lifting_and_rigging,Lifting & Rigging,construction.activity_based_risk_controls,Activity-Based Risk Controls,624,593,16,8,25,13,17,16,16,66,9,8,1,0,0,0,0,9,92.5,93.6,80.3,88.9,0,0
PJT-CON-001,2025-06,6,construction.activity_based_risk_controls.excavation_and_ground_disturbance,Excavation & Ground Disturbance,construction.activity_based_risk_controls,Activity-Based Risk Controls,708,673,19,11,24,15,16,32,31,130,15,14,1,1,0,0,0,10,93.3,94.5,87.5,93.3,0,0
PJT-CON-001,2025-06,6,construction.daily_and_short_term_planning.pre_task_plans,Pre-Task Plans,construction.daily_and_short_term_planning,Daily & Short-Term Planning,840,437,22,3,147,15,41,12,12,51,5,5,2,1,0,0,0,4,92.3,95.5,51.2,100,0,0
PJT-CON-001,2025-06,6,construction.daily_and_short_term_planning.daily_huddles,Daily Huddles,construction.daily_and_short_term_planning,Daily & Short-Term Planning,961,442,25,1,59,134,47,14,13,59,4,4,1,0,0,0,0,3,92.7,97.9,39.9,100,0,0
PJT-CON-001,2025-06,6,construction.daily_and_short_term_planning.job_hazard_analysis_jha,Job Hazard Analysis (JHA),construction.daily_and_short_term_planning,Daily & Short-Term Planning,799,447,21,5,44,13,94,10,10,39,3,3,2,0,0,0,0,6,90.7,96.9,54,100,0,0
PJT-CON-001,2025-06,6,construction.daily_and_short_term_planning.permit_to_work,Permit to Work,construction.daily_and_short_term_planning,Daily & Short-Term Planning,724,405,19,43,24,7,19,6,6,16,2,2,0,1,0,0,0,8,91.7,96.4,63.4,100,0,0
PJT-CON-001,2025-06,6,construction.inspection_and_compliance.weekly_safety_inspections,Weekly Safety Inspections,construction.inspection_and_compliance,Inspection & Compliance,412,148,13,0,1,2,1,8,8,42,8,7,3,0,0,0,0,3,91.5,91.3,62.6,87.5,0,0
PJT-CON-001,2025-06,6,construction.inspection_and_compliance.equipment_inspection_logs,Equipment Inspection Logs,construction.inspection_and_compliance,Inspection & Compliance,566,204,18,0,8,3,6,28,28,141,21,18,3,0,0,0,0,4,93.3,93.3,65.2,85.7,0,0
PJT-CON-001,2025-06,6,construction.inspection_and_compliance.scaffold_and_fall_protection_audits,Scaffold & Fall Protection Audits,construction.inspection_and_compliance,Inspection & Compliance,429,154,13,0,2,2,1,20,19,101,11,9,3,1,0,0,0,6,93.7,95.1,74.2,81.8,0,0
PJT-CON-001,2025-06,6,construction.inspection_and_compliance.environmental_monitoring_logs,Environmental Monitoring Logs,construction.inspection_and_compliance,Inspection & Compliance,361,130,11,0,2,2,2,11,11,56,10,9,3,0,0,0,0,3,91.5,91.3,57,90,0,0
PJT-CON-001,2025-06,6,construction.incident_and_near_miss_management.incident_reports,Incident Reports,construction.incident_and_near_miss_management,Incident & Near-Miss Management,277,61,9,0,0,1,0,1,1,2,0,0,1,0,0,1,1,2,91.7,90.1,77.4,100,0,0
PJT-CON-001,2025-06,6,construction.incident_and_near_miss_management.root_cause_analysis,Root Cause Analysis,construction.incident_and_near_miss_management,Incident & Near-Miss Management,185,41,6,0,0,1,0,1,1,2,1,1,0,0,0,0,0,2,94.1,92.5,55.8,100,0,0
PJT-CON-001,2025-06,6,construction.incident_and_near_miss_management.corrective_action_plans,Corrective Action Plans,construction.incident_and_near_miss_management,Incident & Near-Miss Management,353,78,11,0,1,1,1,8,8,19,8,8,2,0,0,0,0,3,91.3,91.6,60.9,100,0,0
PJT-CON-001,2025-06,6,construction.incident_and_near_miss_management.lessons_learned_repository,Lessons Learned Repository,construction.incident_and_near_miss_management,Incident & Near-Miss Management,161,35,5,0,0,0,0,1,1,2,1,1,0,1,0,0,0,1,93.5,88,48.5,100,0,0
PJT-CON-001,2025-06,6,construction.live_performance_metrics.trir_dart_tracking,TRIR / DART Tracking,construction.live_performance_metrics,Live Performance Metrics,48600,37908,304,0,0,0,0,1,1,2,0,0,0,0,0,0,0,61,92.2,95.8,41.1,100,4.12,4.12
PJT-CON-001,2025-06,6,construction.live_performance_metrics.open_vs_closed_findings,Open vs Closed Findings,construction.live_performance_metrics,Live Performance Metrics,202,24,6,0,0,0,0,4,4,7,5,5,1,0,0,0,0,1,90.8,94.2,49.6,100,0,0
PJT-CON-001,2025-06,6,construction.live_performance_metrics.near_miss_trends,Near Miss Trends,construction.live_performance_metrics,Live Performance Metrics,193,23,6,0,0,0,0,1,1,2,1,1,0,4,0,0,0,1,92.6,93.3,58.6,100,0,0
PJT-CON-001,2025-06,6,construction.live_performance_metrics.leading_indicator_dashboard,Leading Indicator Dashboard,construction.live_performance_metrics,Live Performance Metrics,125,15,4,0,0,0,0,1,1,3,0,0,0,0,0,0,0,1,93.9,94.7,45.7,100,0,0
PJT-CON-001,2025-07,7,construction.activity_based_risk_controls.work_at_height,Work at Height,construction.activity_based_risk_controls,Activity-Based Risk Controls,1040,988,27,10,28,22,19,33,32,138,17,15,2,1,0,0,0,16,92.7,94,96,88.2,0,0
PJT-CON-001,2025-07,7,construction.activity_based_risk_controls.confined_space,Confined Space,construction.activity_based_risk_controls,Activity-Based Risk Controls,427,406,11,11,22,9,15,34,33,145,13,11,1,1,0,0,0,9,93.7,95.7,95.7,84.6,0,0
PJT-CON-001,2025-07,7,construction.activity_based_risk_controls.electrical_safety,Electrical Safety,construction.activity_based_risk_controls,Activity-Based Risk Controls,799,759,21,8,23,17,15,16,15,64,5,5,1,2,0,0,0,15,94.1,95.7,86.2,100,0,0
PJT-CON-001,2025-07,7,construction.activity_based_risk_controls.lifting_and_rigging,Lifting & Rigging,construction.activity_based_risk_controls,Activity-Based Risk Controls,676,642,18,8,25,14,17,16,16,66,9,9,1,0,0,0,0,10,93.6,94.3,79.4,100,0,0
PJT-CON-001,2025-07,7,construction.activity_based_risk_controls.excavation_and_ground_disturbance,Excavation & Ground Disturbance,construction.activity_based_risk_controls,Activity-Based Risk Controls,698,663,18,11,24,14,16,32,31,130,17,16,3,1,0,0,0,10,95,93.5,90.4,94.1,0,0
PJT-CON-001,2025-07,7,construction.daily_and_short_term_planning.pre_task_plans,Pre-Task Plans,construction.daily_and_short_term_planning,Daily & Short-Term Planning,894,465,24,3,142,14,40,12,12,50,3,3,1,0,0,0,0,5,92.4,97.2,46.7,100,0,0
PJT-CON-001,2025-07,7,construction.daily_and_short_term_planning.daily_huddles,Daily Huddles,construction.daily_and_short_term_planning,Daily & Short-Term Planning,982,452,26,1,58,132,46,14,14,59,4,4,0,0,0,0,0,3,95.4,96.8,39.9,100,0,0
PJT-CON-001,2025-07,7,construction.daily_and_short_term_planning.job_hazard_analysis_jha,Job Hazard Analysis (JHA),construction.daily_and_short_term_planning,Daily & Short-Term Planning,854,478,22,5,43,12,92,10,9,37,4,4,0,0,0,0,0,7,93.1,96.7,54.8,100,0,0
PJT-CON-001,2025-07,7,construction.daily_and_short_term_planning.permit_to_work,Permit to Work,construction.daily_and_short_term_planning,Daily & Short-Term Planning,769,431,20,48,27,8,21,6,6,17,3,3,2,1,0,0,0,8,95.4,94.7,65.9,100,0,0
PJT-CON-001,2025-07,7,construction.inspection_and_compliance.weekly_safety_inspections,Weekly Safety Inspections,construction.inspection_and_compliance,Inspection & Compliance,443,159,14,0,1,2,1,8,7,37,6,5,2,1,0,0,0,4,93.7,92.3,61.9,83.3,0,0
PJT-CON-001,2025-07,7,construction.inspection_and_compliance.equipment_inspection_logs,Equipment Inspection Logs,construction.inspection_and_compliance,Inspection & Compliance,592,213,18,0,8,3,6,28,27,136,17,16,2,0,0,0,0,4,92.8,94.1,60.9,94.1,0,0
PJT-CON-001,2025-07,7,construction.inspection_and_compliance.scaffold_and_fall_protection_audits,Scaffold & Fall Protection Audits,construction.inspection_and_compliance,Inspection & Compliance,471,170,15,0,2,2,1,20,19,101,12,11,2,0,0,0,0,7,92.1,95,72.9,91.7,0,0
PJT-CON-001,2025-07,7,construction.inspection_and_compliance.environmental_monitoring_logs,Environmental Monitoring Logs,construction.inspection_and_compliance,Inspection & Compliance,383,138,12,0,2,2,2,11,10,51,10,9,2,0,0,0,0,3,95.1,90.4,58.2,90,0,0
PJT-CON-001,2025-07,7,construction.incident_and_near_miss_management.incident_reports,Incident Reports,construction.incident_and_near_miss_management,Incident & Near-Miss Management,282,62,9,0,0,1,0,1,1,2,1,1,1,0,1,0,0,2,93.6,92.6,56.9,100,0,0
PJT-CON-001,2025-07,7,construction.incident_and_near_miss_management.root_cause_analysis,Root Cause Analysis,construction.incident_and_near_miss_management,Incident & Near-Miss Management,194,43,6,0,0,1,0,1,0,0,0,0,1,0,0,0,0,2,93.1,89.7,58.7,100,0,0
PJT-CON-001,2025-07,7,construction.incident_and_near_miss_management.corrective_action_plans,Corrective Action Plans,construction.incident_and_near_miss_management,Incident & Near-Miss Management,361,79,11,0,1,1,1,8,8,19,8,8,0,0,0,0,0,3,91.4,92.2,60.1,100,0,0
PJT-CON-001,2025-07,7,construction.incident_and_near_miss_management.lessons_learned_repository,Lessons Learned Repository,construction.incident_and_near_miss_management,Incident & Near-Miss Management,161,35,5,0,0,0,0,1,1,2,1,1,1,0,0,0,0,1,93.2,90.4,43.1,100,0,0
PJT-CON-001,2025-07,7,construction.live_performance_metrics.trir_dart_tracking,TRIR / DART Tracking,construction.live_performance_metrics,Live Performance Metrics,50400,39312,315,0,0,0,0,1,1,2,1,1,1,0,0,0,0,63,91.8,96,41.7,100,0,0
PJT-CON-001,2025-07,7,construction.live_performance_metrics.open_vs_closed_findings,Open vs Closed Findings,construction.live_performance_metrics,Live Performance Metrics,223,27,7,0,0,1,0,4,4,7,5,4,2,0,0,0,0,1,92.8,96.6,47.2,80,0,0
PJT-CON-001,2025-07,7,construction.live_performance_metrics.near_miss_trends,Near Miss Trends,construction.live_performance_metrics,Live Performance Metrics,197,24,6,0,0,0,0,1,1,2,2,2,2,4,0,0,0,1,93.3,93.1,59.6,100,0,0
PJT-CON-001,2025-07,7,construction.live_performance_metrics.leading_indicator_dashboard,Leading Indicator Dashboard,construction.live_performance_metrics,Live Performance Metrics,139,17,4,0,0,0,0,1,1,3,1,1,1,0,0,0,0,1,95.2,95.3,45.7,100,0,0
PJT-CON-001,2025-08,8,construction.activity_based_risk_controls.work_at_height,Work at Height,construction.activity_based_risk_controls,Activity-Based Risk Controls,1050,998,28,10,27,22,18,33,32,138,10,9,1,3,0,0,0,17,94.9,96.6,92.2,90,0,0
PJT-CON-001,2025-08,8,construction.activity_based_risk_controls.confined_space,Confined Space,construction.activity_based_risk_controls,Activity-Based Risk Controls,432,410,11,11,21,9,14,34,33,145,8,7,2,0,0,0,0,9,93.5,97.3,89.1,87.5,0,0
PJT-CON-001,2025-08,8,construction.activity_based_risk_controls.electrical_safety,Electrical Safety,construction.activity_based_risk_controls,Activity-Based Risk Controls,761,723,20,8,23,16,15,16,15,64,4,4,1,1,0,0,0,14,93.9,98.3,82.8,100,0,0
PJT-CON-001,2025-08,8,construction.activity_based_risk_controls.lifting_and_rigging,Lifting & Rigging,construction.activity_based_risk_controls,Activity-Based Risk Controls,676,642,18,8,26,14,17,16,15,62,6,6,1,1,0,0,0,10,94.8,96.2,77,100,0,0
PJT-CON-001,2025-08,8,construction.activity_based_risk_controls.excavation_and_ground_disturbance,Excavation & Ground Disturbance,construction.activity_based_risk_controls,Activity-Based Risk Controls,734,697,19,11,23,15,16,32,31,130,9,8,2,2,0,0,0,10,93.4,97.1,83,88.9,0,0
PJT-CON-001,2025-08,8,construction.daily_and_short_term_planning.pre_task_plans,Pre-Task Plans,construction.daily_and_short_term_planning,Daily & Short-Term Planning,821,427,22,3,147,15,41,12,12,51,5,4,1,1,0,0,0,4,94,96.5,50.5,80,0,0
PJT-CON-001,2025-08,8,construction.daily_and_short_term_planning.daily_huddles,Daily Huddles,construction.daily_and_short_term_planning,Daily & Short-Term Planning,1016,467,27,1,61,137,48,14,14,61,3,3,2,1,0,0,0,3,95.1,97.8,41.3,100,0,0
PJT-CON-001,2025-08,8,construction.daily_and_short_term_planning.job_hazard_analysis_jha,Job Hazard Analysis (JHA),construction.daily_and_short_term_planning,Daily & Short-Term Planning,792,444,21,5,45,13,97,11,11,41,4,3,1,1,0,0,0,6,92.2,95.3,57.9,75,0,0
PJT-CON-001,2025-08,8,construction.daily_and_short_term_planning.permit_to_work,Permit to Work,construction.daily_and_short_term_planning,Daily & Short-Term Planning,765,428,20,48,27,8,21,6,5,16,3,3,1,1,0,0,0,8,94.1,95,65.5,100,0,0
PJT-CON-001,2025-08,8,construction.inspection_and_compliance.weekly_safety_inspections,Weekly Safety Inspections,construction.inspection_and_compliance,Inspection & Compliance,435,157,14,0,1,2,1,8,7,37,7,7,2,1,0,0,0,4,96.4,92,63.1,100,0,0
PJT-CON-001,2025-08,8,construction.inspection_and_compliance.equipment_inspection_logs,Equipment Inspection Logs,construction.inspection_and_compliance,Inspection & Compliance,581,209,18,0,8,3,6,28,27,136,20,20,2,0,0,0,0,4,95.1,92.8,65,100,0,0
PJT-CON-001,2025-08,8,construction.inspection_and_compliance.scaffold_and_fall_protection_audits,Scaffold & Fall Protection Audits,construction.inspection_and_compliance,Inspection & Compliance,447,161,14,0,2,2,1,20,19,101,10,9,2,0,0,0,0,6,92.6,95.6,70.5,90,0,0
PJT-CON-001,2025-08,8,construction.inspection_and_compliance.environmental_monitoring_logs,Environmental Monitoring Logs,construction.inspection_and_compliance,Inspection & Compliance,374,135,12,0,2,2,2,11,10,51,8,8,0,0,0,0,0,3,92.2,92.1,54.4,100,0,0
PJT-CON-001,2025-08,8,construction.incident_and_near_miss_management.incident_reports,Incident Reports,construction.incident_and_near_miss_management,Incident & Near-Miss Management,292,64,9,0,0,1,0,1,1,2,1,1,2,0,1,0,0,2,96.3,92,57.7,100,0,0
PJT-CON-001,2025-08,8,construction.incident_and_near_miss_management.root_cause_analysis,Root Cause Analysis,construction.incident_and_near_miss_management,Incident & Near-Miss Management,195,43,6,0,0,1,0,1,1,2,1,1,0,1,0,0,0,2,94.6,90.3,60.9,100,0,0
PJT-CON-001,2025-08,8,construction.incident_and_near_miss_management.corrective_action_plans,Corrective Action Plans,construction.incident_and_near_miss_management,Incident & Near-Miss Management,362,80,11,0,1,1,1,8,8,19,8,8,0,0,0,0,0,3,92.2,91.8,60.6,100,0,0
PJT-CON-001,2025-08,8,construction.incident_and_near_miss_management.lessons_learned_repository,Lessons Learned Repository,construction.incident_and_near_miss_management,Incident & Near-Miss Management,161,35,5,0,0,0,0,1,0,0,0,0,1,0,0,0,0,1,95.2,89.4,43.6,100,0,0
PJT-CON-001,2025-08,8,construction.live_performance_metrics.trir_dart_tracking,TRIR / DART Tracking,construction.live_performance_metrics,Live Performance Metrics,49500,38610,309,0,0,0,0,1,1,2,0,0,1,0,0,0,0,62,92.5,98.1,40.9,100,0,0
PJT-CON-001,2025-08,8,construction.live_performance_metrics.open_vs_closed_findings,Open vs Closed Findings,construction.live_performance_metrics,Live Performance Metrics,207,25,6,0,0,0,0,5,5,9,5,5,1,0,0,0,0,1,94.4,94.1,49.7,100,0,0
PJT-CON-001,2025-08,8,construction.live_performance_metrics.near_miss_trends,Near Miss Trends,construction.live_performance_metrics,Live Performance Metrics,194,23,6,0,0,0,0,1,1,2,0,0,0,4,0,0,0,1,95.9,95.9,54.4,100,0,0
PJT-CON-001,2025-08,8,construction.live_performance_metrics.leading_indicator_dashboard,Leading Indicator Dashboard,construction.live_performance_metrics,Live Performance Metrics,138,17,4,0,0,0,0,1,1,3,1,1,1,0,0,0,0,1,93,98.2,44.8,100,0,0
PJT-CON-001,2025-09,9,construction.activity_based_risk_controls.work_at_height,Work at Height,construction.activity_based_risk_controls,Activity-Based Risk Controls,997,947,26,10,26,21,17,33,32,138,11,11,1,2,0,0,0,12,95.1,95.9,91,100,0,0
PJT-CON-001,2025-09,9,construction.activity_based_risk_controls.confined_space,Confined Space,construction.activity_based_risk_controls,Activity-Based Risk Controls,401,381,11,10,19,9,13,34,33,145,3,3,2,0,0,0,0,7,93.7,99,85.1,100,0,0
PJT-CON-001,2025-09,9,construction.activity_based_risk_controls.electrical_safety,Electrical Safety,construction.activity_based_risk_controls,Activity-Based Risk Controls,696,661,18,7,21,14,14,16,16,68,7,7,1,1,0,0,0,10,97.1,96.2,85.2,100,0,0
PJT-CON-001,2025-09,9,construction.activity_based_risk_controls.lifting_and_rigging,Lifting & Rigging,construction.activity_based_risk_controls,Activity-Based Risk Controls,614,583,16,7,22,13,15,16,15,62,3,3,1,0,0,0,0,7,93.9,97.6,72.4,100,0,0
PJT-CON-001,2025-09,9,construction.activity_based_risk_controls.excavation_and_ground_disturbance,Excavation & Ground Disturbance,construction.activity_based_risk_controls,Activity-Based Risk Controls,690,656,18,10,21,14,14,32,31,130,9,9,2,2,0,0,0,8,96.2,97,83,100,0,0
PJT-CON-001,2025-09,9,construction.daily_and_short_term_planning.pre_task_plans,Pre-Task Plans,construction.daily_and_short_term_planning,Daily & Short-Term Planning,771,401,20,3,137,14,38,12,12,48,5,4,1,0,0,0,0,3,94.3,95.8,48.6,80,0,0
PJT-CON-001,2025-09,9,construction.daily_and_short_term_planning.daily_huddles,Daily Huddles,construction.daily_and_short_term_planning,Daily & Short-Term Planning,947,436,25,1,57,129,45,14,14,58,2,2,1,1,0,0,0,2,94,99.3,40.5,100,0,0
PJT-CON-001,2025-09,9,construction.daily_and_short_term_planning.job_hazard_analysis_jha,Job Hazard Analysis (JHA),construction.daily_and_short_term_planning,Daily & Short-Term Planning,724,405,19,5,42,12,91,10,9,37,2,2,0,0,0,0,0,5,95.7,97.5,53.2,100,0,0
PJT-CON-001,2025-09,9,construction.daily_and_short_term_planning.permit_to_work,Permit to Work,construction.daily_and_short_term_planning,Daily & Short-Term Planning,696,390,18,42,23,7,18,6,6,16,2,2,2,1,0,0,0,6,96.2,95.9,63.6,100,0,0
PJT-CON-001,2025-09,9,construction.inspection_and_compliance.weekly_safety_inspections,Weekly Safety Inspections,construction.inspection_and_compliance,Inspection & Compliance,390,140,12,0,1,2,1,8,7,37,5,4,3,0,0,0,0,2,96.9,93.1,57.9,80,0,0
PJT-CON-001,2025-09,9,construction.inspection_and_compliance.equipment_inspection_logs,Equipment Inspection Logs,construction.inspection_and_compliance,Inspection & Compliance,526,189,16,0,8,2,6,28,27,136,18,17,1,0,0,0,0,3,97.1,94.1,61.7,94.4,0,0
PJT-CON-001,2025-09,9,construction.inspection_and_compliance.scaffold_and_fall_protection_audits,Scaffold & Fall Protection Audits,construction.inspection_and_compliance,Inspection & Compliance,416,150,13,0,1,2,1,20,19,101,11,10,2,1,0,0,0,5,96.8,94.4,75.1,90.9,0,0
PJT-CON-001,2025-09,9,construction.inspection_and_compliance.environmental_monitoring_logs,Environmental Monitoring Logs,construction.inspection_and_compliance,Inspection & Compliance,340,122,11,0,2,2,2,11,11,56,9,9,1,0,0,0,0,2,93.1,93,54,100,0,0
PJT-CON-001,2025-09,9,construction.incident_and_near_miss_management.incident_reports,Incident Reports,construction.incident_and_near_miss_management,Incident & Near-Miss Management,263,58,8,0,0,1,0,1,1,2,0,0,0,0,0,1,0,1,93.9,93.4,63.1,100,0,0
PJT-CON-001,2025-09,9,construction.incident_and_near_miss_management.root_cause_analysis,Root Cause Analysis,construction.incident_and_near_miss_management,Incident & Near-Miss Management,180,40,6,0,0,1,0,1,1,2,0,0,2,0,0,0,0,2,96.9,92,55.7,100,0,0
PJT-CON-001,2025-09,9,construction.incident_and_near_miss_management.corrective_action_plans,Corrective Action Plans,construction.incident_and_near_miss_management,Incident & Near-Miss Management,338,74,11,0,1,1,1,7,7,17,7,7,1,0,0,0,0,3,96,94.4,56.5,100,0,0
PJT-CON-001,2025-09,9,construction.incident_and_near_miss_management.lessons_learned_repository,Lessons Learned Repository,construction.incident_and_near_miss_management,Incident & Near-Miss Management,150,33,5,0,0,0,0,1,1,2,0,0,1,0,0,0,0,1,95,89.9,43,100,0,0
PJT-CON-001,2025-09,9,construction.live_performance_metrics.trir_dart_tracking,TRIR / DART Tracking,construction.live_performance_metrics,Live Performance Metrics,46350,36153,290,0,0,0,0,1,1,2,1,1,0,0,0,0,0,46,96.1,98.6,41.7,100,4.31,0
PJT-CON-001,2025-09,9,construction.live_performance_metrics.open_vs_closed_findings,Open vs Closed Findings,construction.live_performance_metrics,Live Performance Metrics,199,24,6,0,0,0,0,4,4,7,5,5,0,1,0,0,0,1,97,97,49.4,100,0,0
PJT-CON-001,2025-09,9,construction.live_performance_metrics.near_miss_trends,Near Miss Trends,construction.live_performance_metrics,Live Performance Metrics,176,21,6,0,0,0,0,1,1,2,1,1,1,4,0,0,0,1,97,95.9,55.2,100,0,0
PJT-CON-001,2025-09,9,construction.live_performance_metrics.leading_indicator_dashboard,Leading Indicator Dashboard,construction.live_performance_metrics,Live Performance Metrics,124,15,4,0,0,0,0,1,1,3,2,2,2,0,0,0,0,1,96.4,96.4,45.6,100,0,0
PJT-CON-001,2025-10,10,construction.activity_based_risk_controls.work_at_height,Work at Height,construction.activity_based_risk_controls,Activity-Based Risk Controls,908,863,24,9,24,19,16,33,32,138,8,8,1,1,0,0,0,12,97.4,97.1,86.2,100,0,0
PJT-CON-001,2025-10,10,construction.activity_based_risk_controls.confined_space,Confined Space,construction.activity_based_risk_controls,Activity-Based Risk Controls,362,344,10,10,18,8,12,34,33,145,8,8,0,1,0,0,0,6,96,97.5,91.3,100,0,0
PJT-CON-001,2025-10,10,construction.activity_based_risk_controls.electrical_safety,Electrical Safety,construction.activity_based_risk_controls,Activity-Based Risk Controls,664,631,17,7,20,14,13,16,16,68,4,4,1,2,0,0,0,10,97.1,97.2,85,100,0,0
PJT-CON-001,2025-10,10,construction.activity_based_risk_controls.lifting_and_rigging,Lifting & Rigging,construction.activity_based_risk_controls,Activity-Based Risk Controls,582,553,15,7,23,12,16,16,15,62,7,7,1,0,0,0,0,7,96.6,94.7,77.3,100,0,0
PJT-CON-001,2025-10,10,construction.activity_based_risk_controls.excavation_and_ground_disturbance,Excavation & Ground Disturbance,construction.activity_based_risk_controls,Activity-Based Risk Controls,642,610,17,9,19,14,13,32,32,134,9,8,2,1,0,0,0,7,94.3,97,80.8,88.9,0,0
PJT-CON-001,2025-10,10,construction.daily_and_short_term_planning.pre_task_plans,Pre-Task Plans,construction.daily_and_short_term_planning,Daily & Short-Term Planning,729,379,19,3,128,13,36,11,10,44,2,2,1,0,0,0,0,3,95.4,99,45.9,100,0,0
PJT-CON-001,2025-10,10,construction.daily_and_short_term_planning.daily_huddles,Daily Huddles,construction.daily_and_short_term_planning,Daily & Short-Term Planning,883,406,23,1,50,113,39,12,11,50,1,1,1,1,0,0,0,2,96.8,99.5,39.7,100,0,0
PJT-CON-001,2025-10,10,construction.daily_and_short_term_planning.job_hazard_analysis_jha,Job Hazard Analysis (JHA),construction.daily_and_short_term_planning,Daily & Short-Term Planning,678,380,18,4,39,11,84,9,8,34,1,1,2,1,0,0,0,4,94.8,98.4,54.6,100,0,0
PJT-CON-001,2025-10,10,construction.daily_and_short_term_planning.permit_to_work,Permit to Work,construction.daily_and_short_term_planning,Daily & Short-Term Planning,644,361,17,40,22,6,17,5,5,14,1,1,1,0,0,0,0,5,94.2,96,60.4,100,0,0
PJT-CON-001,2025-10,10,construction.inspection_and_compliance.weekly_safety_inspections,Weekly Safety Inspections,construction.inspection_and_compliance,Inspection & Compliance,381,137,12,0,1,2,1,8,7,37,6,5,2,0,0,0,0,2,97.2,93.6,58,83.3,0,0
PJT-CON-001,2025-10,10,construction.inspection_and_compliance.equipment_inspection_logs,Equipment Inspection Logs,construction.inspection_and_compliance,Inspection & Compliance,486,175,15,0,7,2,5,28,27,136,21,19,3,1,0,0,0,2,96.9,92.7,68.1,90.5,0,0
PJT-CON-001,2025-10,10,construction.inspection_and_compliance.scaffold_and_fall_protection_audits,Scaffold & Fall Protection Audits,construction.inspection_and_compliance,Inspection & Compliance,385,139,12,0,1,2,1,20,20,106,15,15,2,1,0,0,0,4,97.2,93.9,79,100,0,0
PJT-CON-001,2025-10,10,construction.inspection_and_compliance.environmental_monitoring_logs,Environmental Monitoring Logs,construction.inspection_and_compliance,Inspection & Compliance,335,121,10,0,2,2,1,11,10,51,8,7,1,1,0,0,0,2,95.4,91.7,57.1,87.5,0,0
PJT-CON-001,2025-10,10,construction.incident_and_near_miss_management.incident_reports,Incident Reports,construction.incident_and_near_miss_management,Incident & Near-Miss Management,241,53,8,0,0,1,0,1,1,2,1,1,2,0,1,0,0,1,96.9,94.4,54.6,100,0,0
PJT-CON-001,2025-10,10,construction.incident_and_near_miss_management.root_cause_analysis,Root Cause Analysis,construction.incident_and_near_miss_management,Incident & Near-Miss Management,162,36,5,0,0,0,0,1,1,2,1,1,0,0,0,0,0,2,96.5,93.7,54.3,100,0,0
PJT-CON-001,2025-10,10,construction.incident_and_near_miss_management.corrective_action_plans,Corrective Action Plans,construction.incident_and_near_miss_management,Incident & Near-Miss Management,321,71,10,0,1,1,1,7,7,17,7,7,1,1,0,0,0,2,93.9,93,60.5,100,0,0
PJT-CON-001,2025-10,10,construction.incident_and_near_miss_management.lessons_learned_repository,Lessons Learned Repository,construction.incident_and_near_miss_management,Incident & Near-Miss Management,150,33,5,0,0,0,0,1,1,2,2,2,2,0,0,0,0,1,97.1,88.8,46,100,0,0
PJT-CON-001,2025-10,10,construction.live_performance_metrics.trir_dart_tracking,TRIR / DART Tracking,construction.live_performance_metrics,Live Performance Metrics,43200,33696,270,0,0,0,0,1,1,2,0,0,1,0,0,0,0,43,94.5,96.9,40.9,100,0,0
PJT-CON-001,2025-10,10,construction.live_performance_metrics.open_vs_closed_findings,Open vs Closed Findings,construction.live_performance_metrics,Live Performance Metrics,185,22,6,0,0,0,0,4,4,7,5,5,2,0,0,0,0,1,95.9,95.1,48.4,100,0,0
PJT-CON-001,2025-10,10,construction.live_performance_metrics.near_miss_trends,Near Miss Trends,construction.live_performance_metrics,Live Performance Metrics,168,20,5,0,0,0,0,1,1,2,1,1,1,3,0,0,0,1,96,95.4,53.6,100,0,0
PJT-CON-001,2025-10,10,construction.live_performance_metrics.leading_indicator_dashboard,Leading Indicator Dashboard,construction.live_performance_metrics,Live Performance Metrics,116,14,4,0,0,0,0,1,1,3,0,0,2,0,0,0,0,1,96.7,96.3,44,100,0,0
PJT-CON-001,2025-11,11,construction.activity_based_risk_controls.work_at_height,Work at Height,construction.activity_based_risk_controls,Activity-Based Risk Controls,866,823,23,8,21,18,14,33,33,142,12,11,3,1,0,0,0,11,96.5,96.3,89.4,91.7,0,0
PJT-CON-001,2025-11,11,construction.activity_based_risk_controls.confined_space,Confined Space,construction.activity_based_risk_controls,Activity-Based Risk Controls,336,319,9,8,16,7,11,34,34,150,5,5,0,1,0,0,0,6,97.4,98.6,88.9,100,0,0
PJT-CON-001,2025-11,11,construction.activity_based_risk_controls.electrical_safety,Electrical Safety,construction.activity_based_risk_controls,Activity-Based Risk Controls,612,581,16,7,19,13,13,16,15,64,2,2,0,1,0,0,0,9,95.2,99.2,81.2,100,0,0
PJT-CON-001,2025-11,11,construction.activity_based_risk_controls.lifting_and_rigging,Lifting & Rigging,construction.activity_based_risk_controls,Activity-Based Risk Controls,526,500,14,7,21,11,14,16,16,66,5,5,0,1,0,0,0,6,95.6,96.4,76.2,100,0,0
PJT-CON-001,2025-11,11,construction.activity_based_risk_controls.excavation_and_ground_disturbance,Excavation & Ground Disturbance,construction.activity_based_risk_controls,Activity-Based Risk Controls,555,527,15,9,18,12,12,32,31,130,11,10,2,0,0,0,0,7,95.5,95.9,80.3,90.9,0,0
PJT-CON-001,2025-11,11,construction.daily_and_short_term_planning.pre_task_plans,Pre-Task Plans,construction.daily_and_short_term_planning,Daily & Short-Term Planning,657,342,17,2,108,11,30,9,9,38,1,1,2,0,0,0,0,3,96.5,97.9,45.1,100,0,0
PJT-CON-001,2025-11,11,construction.daily_and_short_term_planning.daily_huddles,Daily Huddles,construction.daily_and_short_term_planning,Daily & Short-Term Planning,792,364,21,1,49,110,38,12,12,50,3,3,2,1,0,0,0,2,95.2,97.9,41.3,100,0,0
PJT-CON-001,2025-11,11,construction.daily_and_short_term_planning.job_hazard_analysis_jha,Job Hazard Analysis (JHA),construction.daily_and_short_term_planning,Daily & Short-Term Planning,663,371,17,4,34,10,73,8,7,29,2,2,0,0,0,0,0,4,97.2,97.7,53.2,100,0,0
PJT-CON-001,2025-11,11,construction.daily_and_short_term_planning.permit_to_work,Permit to Work,construction.daily_and_short_term_planning,Daily & Short-Term Planning,576,323,15,38,21,6,17,5,4,13,0,0,2,0,0,0,0,5,99.1,99,59.6,100,0,0
PJT-CON-001,2025-11,11,construction.inspection_and_compliance.weekly_safety_inspections,Weekly Safety Inspections,construction.inspection_and_compliance,Inspection & Compliance,346,125,11,0,1,2,1,8,8,42,5,5,0,1,0,0,0,2,98,94.3,58.5,100,0,0
PJT-CON-001,2025-11,11,construction.inspection_and_compliance.equipment_inspection_logs,Equipment Inspection Logs,construction.inspection_and_compliance,Inspection & Compliance,471,170,15,0,6,2,5,28,28,141,22,22,0,1,0,0,0,2,95.2,92.9,68.7,100,0,0
PJT-CON-001,2025-11,11,construction.inspection_and_compliance.scaffold_and_fall_protection_audits,Scaffold & Fall Protection Audits,construction.inspection_and_compliance,Inspection & Compliance,353,127,11,0,1,2,1,20,19,101,11,10,2,0,0,0,0,4,95.9,95.1,72,90.9,0,0
PJT-CON-001,2025-11,11,construction.inspection_and_compliance.environmental_monitoring_logs,Environmental Monitoring Logs,construction.inspection_and_compliance,Inspection & Compliance,316,114,10,0,2,2,1,11,10,51,7,7,2,1,0,0,0,2,97.8,93.9,53.4,100,0,0
PJT-CON-001,2025-11,11,construction.incident_and_near_miss_management.incident_reports,Incident Reports,construction.incident_and_near_miss_management,Incident & Near-Miss Management,236,52,7,0,0,1,0,1,1,2,2,2,1,0,1,0,0,1,94.7,92.3,58.1,100,0,0
PJT-CON-001,2025-11,11,construction.incident_and_near_miss_management.root_cause_analysis,Root Cause Analysis,construction.incident_and_near_miss_management,Incident & Near-Miss Management,157,35,5,0,0,0,0,1,1,2,1,1,2,0,0,0,0,2,95,94.3,53.5,100,0,0
PJT-CON-001,2025-11,11,construction.incident_and_near_miss_management.corrective_action_plans,Corrective Action Plans,construction.incident_and_near_miss_management,Incident & Near-Miss Management,275,60,9,0,1,1,1,6,6,14,6,6,2,0,0,0,0,2,98.1,93.3,57.1,100,0,0
PJT-CON-001,2025-11,11,construction.incident_and_near_miss_management.lessons_learned_repository,Lessons Learned Repository,construction.incident_and_near_miss_management,Incident & Near-Miss Management,133,29,4,0,0,0,0,1,1,2,1,1,2,0,0,0,0,1,97.4,89.7,44,100,0,0
PJT-CON-001,2025-11,11,construction.live_performance_metrics.trir_dart_tracking,TRIR / DART Tracking,construction.live_performance_metrics,Live Performance Metrics,39600,30888,248,0,0,0,0,1,1,2,1,1,2,0,0,0,0,40,97.8,97.5,41.7,100,0,0
PJT-CON-001,2025-11,11,construction.live_performance_metrics.open_vs_closed_findings,Open vs Closed Findings,construction.live_performance_metrics,Live Performance Metrics,174,21,5,0,0,0,0,3,3,5,5,5,1,1,0,0,0,1,98.4,95.4,50.2,100,0,0
PJT-CON-001,2025-11,11,construction.live_performance_metrics.near_miss_trends,Near Miss Trends,construction.live_performance_metrics,Live Performance Metrics,145,17,5,0,0,0,0,1,1,2,1,1,1,3,0,0,0,1,95.1,97.1,52.9,100,0,0
PJT-CON-001,2025-11,11,construction.live_performance_metrics.leading_indicator_dashboard,Leading Indicator Dashboard,construction.live_performance_metrics,Live Performance Metrics,107,13,3,0,0,0,0,1,1,3,1,1,1,1,0,0,0,1,98.6,96.1,47,100,0,0
PJT-CON-001,2025-12,12,construction.activity_based_risk_controls.work_at_height,Work at Height,construction.activity_based_risk_controls,Activity-Based Risk Controls,767,729,20,7,20,16,13,33,33,142,4,4,1,2,0,0,0,10,96.3,98.6,85.2,100,0,0
PJT-CON-001,2025-12,12,construction.activity_based_risk_controls.confined_space,Confined Space,construction.activity_based_risk_controls,Activity-Based Risk Controls,298,283,8,8,15,6,10,34,33,145,4,4,2,0,0,0,0,5,99.7,99.1,85.9,100,0,0
PJT-CON-001,2025-12,12,construction.activity_based_risk_controls.electrical_safety,Electrical Safety,construction.activity_based_risk_controls,Activity-Based Risk Controls,537,510,14,5,16,11,11,16,16,68,3,3,1,1,0,0,0,8,97,98.6,82,100,0,0
PJT-CON-001,2025-12,12,construction.activity_based_risk_controls.lifting_and_rigging,Lifting & Rigging,construction.activity_based_risk_controls,Activity-Based Risk Controls,480,456,13,6,18,10,12,16,16,66,5,5,1,1,0,0,0,6,99,96.2,76.2,100,0,0
PJT-CON-001,2025-12,12,construction.activity_based_risk_controls.excavation_and_ground_disturbance,Excavation & Ground Disturbance,construction.activity_based_risk_controls,Activity-Based Risk Controls,507,482,13,7,16,10,11,32,31,130,10,10,0,1,0,0,0,6,95.9,96.2,81.6,100,0,0
PJT-CON-001,2025-12,12,construction.daily_and_short_term_planning.pre_task_plans,Pre-Task Plans,construction.daily_and_short_term_planning,Daily & Short-Term Planning,614,319,16,2,100,10,28,8,7,33,3,3,0,1,0,0,0,3,97.1,96.8,48.9,100,0,0
PJT-CON-001,2025-12,12,construction.daily_and_short_term_planning.daily_huddles,Daily Huddles,construction.daily_and_short_term_planning,Daily & Short-Term Planning,737,339,19,1,41,93,32,10,9,41,2,2,1,0,0,0,0,2,96.5,99.5,38.3,100,0,0
PJT-CON-001,2025-12,12,construction.daily_and_short_term_planning.job_hazard_analysis_jha,Job Hazard Analysis (JHA),construction.daily_and_short_term_planning,Daily & Short-Term Planning,582,326,15,3,31,9,67,7,7,28,2,2,1,0,0,0,0,4,95.6,96.7,53.2,100,0,0
PJT-CON-001,2025-12,12,construction.daily_and_short_term_planning.permit_to_work,Permit to Work,construction.daily_and_short_term_planning,Daily & Short-Term Planning,537,301,14,33,19,5,15,4,4,12,0,0,0,1,0,0,0,4,96.1,98.3,61.8,100,0,0
PJT-CON-001,2025-12,12,construction.inspection_and_compliance.weekly_safety_inspections,Weekly Safety Inspections,construction.inspection_and_compliance,Inspection & Compliance,301,108,9,0,1,1,0,8,8,42,5,5,0,0,0,0,0,2,97.1,94.5,56.1,100,0,0
PJT-CON-001,2025-12,12,construction.inspection_and_compliance.equipment_inspection_logs,Equipment Inspection Logs,construction.inspection_and_compliance,Inspection & Compliance,398,143,12,0,5,2,4,28,28,141,15,14,2,1,0,0,0,2,98,95.2,60.1,93.3,0,0
PJT-CON-001,2025-12,12,construction.inspection_and_compliance.scaffold_and_fall_protection_audits,Scaffold & Fall Protection Audits,construction.inspection_and_compliance,Inspection & Compliance,325,117,10,0,1,2,1,20,20,106,11,10,2,0,0,0,0,4,96.5,95.3,71.7,90.9,0,0
PJT-CON-001,2025-12,12,construction.inspection_and_compliance.environmental_monitoring_logs,Environmental Monitoring Logs,construction.inspection_and_compliance,Inspection & Compliance,278,100,9,0,2,1,1,11,10,51,9,9,2,0,0,0,0,2,98.4,92.9,54.1,100,0,0
PJT-CON-001,2025-12,12,construction.incident_and_near_miss_management.incident_reports,Incident Reports,construction.incident_and_near_miss_management,Incident & Near-Miss Management,209,46,7,0,0,1,0,1,1,2,1,1,2,0,0,0,0,1,95.8,93.4,55.9,100,0,0
PJT-CON-001,2025-12,12,construction.incident_and_near_miss_management.root_cause_analysis,Root Cause Analysis,construction.incident_and_near_miss_management,Incident & Near-Miss Management,142,31,4,0,0,0,0,1,1,2,0,0,0,0,0,0,0,1,98.4,92.4,55.2,100,0,0
PJT-CON-001,2025-12,12,construction.incident_and_near_miss_management.corrective_action_plans,Corrective Action Plans,construction.incident_and_near_miss_management,Incident & Near-Miss Management,268,59,8,0,1,1,1,5,4,10,5,5,1,1,0,0,0,2,97.7,94.6,56.8,100,0,0
PJT-CON-001,2025-12,12,construction.incident_and_near_miss_management.lessons_learned_repository,Lessons Learned Repository,construction.incident_and_near_miss_management,Incident & Near-Miss Management,124,27,4,0,0,0,0,1,1,2,2,2,1,1,0,0,0,1,96.7,89.9,46.8,100,0,0
PJT-CON-001,2025-12,12,construction.live_performance_metrics.trir_dart_tracking,TRIR / DART Tracking,construction.live_performance_metrics,Live Performance Metrics,36000,28080,225,0,0,0,0,1,1,2,1,1,2,0,0,0,0,36,99.1,98,41.7,100,0,0
PJT-CON-001,2025-12,12,construction.live_performance_metrics.open_vs_closed_findings,Open vs Closed Findings,construction.live_performance_metrics,Live Performance Metrics,150,18,5,0,0,0,0,3,3,5,4,4,1,0,0,0,0,1,99.9,98.6,46.4,100,0,0
PJT-CON-001,2025-12,12,construction.live_performance_metrics.near_miss_trends,Near Miss Trends,construction.live_performance_metrics,Live Performance Metrics,138,17,4,0,0,0,0,1,1,2,0,0,1,3,0,0,0,1,98,97.3,52.1,100,0,0
PJT-CON-001,2025-12,12,construction.live_performance_metrics.leading_indicator_dashboard,Leading Indicator Dashboard,construction.live_performance_metrics,Live Performance Metrics,98,12,3,0,0,0,0,1,1,3,1,1,0,0,0,0,0,1,99.3,99.5,44.8,100,0,0
